/*M!999999\- enable the sandbox mode */ 
-- MariaDB dump 10.19-11.4.9-MariaDB, for Linux (x86_64)
--
-- Host: 127.0.0.1    Database: network_accounting_db
-- ------------------------------------------------------
-- Server version	11.4.9-MariaDB

/*!40101 SET @OLD_CHARACTER_SET_CLIENT=@@CHARACTER_SET_CLIENT */;
/*!40101 SET @OLD_CHARACTER_SET_RESULTS=@@CHARACTER_SET_RESULTS */;
/*!40101 SET @OLD_COLLATION_CONNECTION=@@COLLATION_CONNECTION */;
/*!40101 SET NAMES utf8mb4 */;
/*!40103 SET @OLD_TIME_ZONE=@@TIME_ZONE */;
/*!40103 SET TIME_ZONE='+00:00' */;
/*!40014 SET @OLD_UNIQUE_CHECKS=@@UNIQUE_CHECKS, UNIQUE_CHECKS=0 */;
/*!40014 SET @OLD_FOREIGN_KEY_CHECKS=@@FOREIGN_KEY_CHECKS, FOREIGN_KEY_CHECKS=0 */;
/*!40101 SET @OLD_SQL_MODE=@@SQL_MODE, SQL_MODE='NO_AUTO_VALUE_ON_ZERO' */;
/*M!100616 SET @OLD_NOTE_VERBOSITY=@@NOTE_VERBOSITY, NOTE_VERBOSITY=0 */;

--
-- Table structure for table `defect_category`
--

DROP TABLE IF EXISTS `defect_category`;
/*!40101 SET @saved_cs_client     = @@character_set_client */;
/*!40101 SET character_set_client = utf8mb4 */;
CREATE TABLE `defect_category` (
  `id` int(11) NOT NULL AUTO_INCREMENT,
  `name` varchar(255) NOT NULL,
  `display_name` varchar(255) NOT NULL,
  PRIMARY KEY (`id`)
) ENGINE=InnoDB AUTO_INCREMENT=30 DEFAULT CHARSET=utf8mb4 COLLATE=utf8mb4_unicode_ci;
/*!40101 SET character_set_client = @saved_cs_client */;

--
-- Dumping data for table `defect_category`
--

LOCK TABLES `defect_category` WRITE;
/*!40000 ALTER TABLE `defect_category` DISABLE KEYS */;
INSERT INTO `defect_category` VALUES
(24,'physical_damage','Физическое повреждение'),
(25,'connection_issue','Проблема с соединением'),
(26,'signal_loss','Потеря сигнала'),
(27,'power_issue','Проблема питания'),
(28,'labeling_error','Ошибка маркировки'),
(29,'other','Другое');
/*!40000 ALTER TABLE `defect_category` ENABLE KEYS */;
UNLOCK TABLES;

--
-- Table structure for table `defects`
--

DROP TABLE IF EXISTS `defects`;
/*!40101 SET @saved_cs_client     = @@character_set_client */;
/*!40101 SET character_set_client = utf8mb4 */;
CREATE TABLE `defects` (
  `id` int(11) NOT NULL AUTO_INCREMENT,
  `point_id` int(11) NOT NULL,
  `category` int(11) NOT NULL,
  `severity` enum('high','medium','low') DEFAULT NULL,
  `description` text DEFAULT NULL,
  `status` enum('open','in_progress','closed') DEFAULT 'open',
  `created_by` int(11) DEFAULT NULL,
  `created_at` timestamp NULL DEFAULT current_timestamp(),
  `image_name` varchar(500) DEFAULT NULL,
  PRIMARY KEY (`id`),
  KEY `point_id` (`point_id`),
  KEY `created_by` (`created_by`),
  KEY `fk_defects_category` (`category`),
  CONSTRAINT `defects_ibfk_1` FOREIGN KEY (`point_id`) REFERENCES `network_points` (`id`) ON DELETE CASCADE,
  CONSTRAINT `defects_ibfk_2` FOREIGN KEY (`created_by`) REFERENCES `users` (`id`),
  CONSTRAINT `fk_defects_category` FOREIGN KEY (`category`) REFERENCES `defect_category` (`id`) ON UPDATE CASCADE
) ENGINE=InnoDB AUTO_INCREMENT=131 DEFAULT CHARSET=utf8mb4 COLLATE=utf8mb4_unicode_ci;
/*!40101 SET character_set_client = @saved_cs_client */;

--
-- Dumping data for table `defects`
--

LOCK TABLES `defects` WRITE;
/*!40000 ALTER TABLE `defects` DISABLE KEYS */;
INSERT INTO `defects` VALUES
(52,73,24,'high','Треснул корпус розетки','in_progress',53,'2026-05-12 07:15:00','defect_32.jpg'),
(53,76,24,'high','Кабель перебит','open',54,'2026-05-02 08:15:00','cable_broken.jpg'),
(54,80,27,'high','Порт PoE не подаёт питание','in_progress',56,'2026-06-01 05:30:00',NULL),
(55,81,25,'medium','Коннектор плохо фиксируется','open',57,'2026-06-01 06:45:00',NULL),
(56,74,24,'low','Слабое крепление розетки','open',58,'2026-05-26 13:20:00',NULL),
(57,79,25,'high','Полное отсутствие соединения','closed',59,'2026-05-31 09:00:00',NULL),
(58,86,26,'medium','Затухание сигнала выше нормы','in_progress',51,'2026-06-02 10:00:00','fiber_loss.jpg'),
(59,90,24,'high','Тестовый дефект 1','open',51,'2026-06-06 08:00:00',NULL),
(60,91,25,'medium','Тестовый дефект 2','in_progress',52,'2026-06-06 08:00:00',NULL),
(61,92,26,'low','Тестовый дефект 3','closed',53,'2026-06-06 08:00:00',NULL),
(62,93,27,'high','Тестовый дефект 4','open',54,'2026-06-06 08:00:00',NULL),
(63,94,28,'medium','Тестовый дефект 5','in_progress',55,'2026-06-06 08:00:00',NULL),
(64,95,29,'low','Тестовый дефект 6','closed',56,'2026-06-06 08:00:00',NULL),
(65,96,24,'high','Тестовый дефект 7','open',57,'2026-06-06 08:00:00',NULL),
(66,97,25,'medium','Тестовый дефект 8','in_progress',58,'2026-06-06 08:00:00',NULL),
(67,98,26,'low','Тестовый дефект 9','closed',59,'2026-06-06 08:00:00',NULL),
(68,99,27,'high','Тестовый дефект 10','open',51,'2026-06-06 08:00:00',NULL),
(69,100,28,'medium','Тестовый дефект 11','in_progress',52,'2026-06-06 08:00:00',NULL),
(70,101,29,'low','Тестовый дефект 12','closed',53,'2026-06-06 08:00:00',NULL),
(71,102,24,'high','Тестовый дефект 13','open',54,'2026-06-06 08:00:00',NULL),
(72,103,25,'medium','Тестовый дефект 14','in_progress',55,'2026-06-06 08:00:00',NULL),
(73,104,26,'low','Тестовый дефект 15','closed',56,'2026-06-06 08:00:00',NULL),
(74,105,27,'high','Тестовый дефект 16','open',57,'2026-06-06 08:00:00',NULL),
(75,106,28,'medium','Тестовый дефект 17','in_progress',58,'2026-06-06 08:00:00',NULL),
(76,107,29,'low','Тестовый дефект 18','closed',59,'2026-06-06 08:00:00',NULL),
(77,108,24,'high','Тестовый дефект 19','open',51,'2026-06-06 08:00:00',NULL),
(78,109,25,'medium','Тестовый дефект 20','in_progress',52,'2026-06-06 08:00:00',NULL),
(79,110,26,'low','Тестовый дефект 21','closed',53,'2026-06-06 08:00:00',NULL),
(80,111,27,'high','Тестовый дефект 22','open',54,'2026-06-06 08:00:00',NULL),
(81,112,28,'medium','Тестовый дефект 23','in_progress',55,'2026-06-06 08:00:00',NULL),
(82,113,29,'low','Тестовый дефект 24','closed',56,'2026-06-06 08:00:00',NULL),
(83,114,24,'high','Тестовый дефект 25','open',57,'2026-06-06 08:00:00',NULL),
(84,115,25,'medium','Тестовый дефект 26','in_progress',58,'2026-06-06 08:00:00',NULL),
(85,116,26,'low','Тестовый дефект 27','closed',59,'2026-06-06 08:00:00',NULL),
(86,117,27,'high','Тестовый дефект 28','open',51,'2026-06-06 08:00:00',NULL),
(87,118,28,'medium','Тестовый дефект 29','in_progress',52,'2026-06-06 08:00:00',NULL),
(88,119,29,'low','Тестовый дефект 30','closed',53,'2026-06-06 08:00:00',NULL),
(89,120,24,'high','Тестовый дефект 31','open',54,'2026-06-06 08:00:00',NULL),
(90,121,25,'medium','Тестовый дефект 32','in_progress',55,'2026-06-06 08:00:00',NULL),
(91,122,26,'low','Тестовый дефект 33','closed',56,'2026-06-06 08:00:00',NULL),
(92,123,27,'high','Тестовый дефект 34','open',57,'2026-06-06 08:00:00',NULL),
(93,124,28,'medium','Тестовый дефект 35','in_progress',58,'2026-06-06 08:00:00',NULL),
(94,125,29,'low','Тестовый дефект 36','closed',59,'2026-06-06 08:00:00',NULL),
(95,126,24,'high','Тестовый дефект 37','open',51,'2026-06-06 08:00:00',NULL),
(96,127,25,'medium','Тестовый дефект 38','in_progress',52,'2026-06-06 08:00:00',NULL),
(97,128,26,'low','Тестовый дефект 39','closed',53,'2026-06-06 08:00:00',NULL),
(98,129,27,'high','Тестовый дефект 40','open',54,'2026-06-06 08:00:00',NULL),
(99,130,28,'medium','Тестовый дефект 41','in_progress',55,'2026-06-06 08:00:00',NULL),
(100,131,29,'low','Тестовый дефект 42','closed',56,'2026-06-06 08:00:00',NULL),
(101,132,24,'high','Тестовый дефект 43','open',57,'2026-06-06 08:00:00',NULL),
(102,133,25,'medium','Тестовый дефект 44','in_progress',58,'2026-06-06 08:00:00',NULL),
(103,134,26,'low','Тестовый дефект 45','closed',59,'2026-06-06 08:00:00',NULL),
(104,135,27,'high','Тестовый дефект 46','open',51,'2026-06-06 08:00:00',NULL),
(105,136,28,'medium','Тестовый дефект 47','in_progress',52,'2026-06-06 08:00:00',NULL),
(106,137,29,'low','Тестовый дефект 48','closed',53,'2026-06-06 08:00:00',NULL),
(107,138,24,'high','Тестовый дефект 49','open',54,'2026-06-06 08:00:00',NULL),
(108,139,25,'medium','Тестовый дефект 50','in_progress',55,'2026-06-06 08:00:00',NULL),
(109,140,26,'low','Тестовый дефект 51','closed',56,'2026-06-06 08:00:00',NULL),
(110,141,27,'high','Тестовый дефект 52','open',57,'2026-06-06 08:00:00',NULL),
(111,142,28,'medium','Тестовый дефект 53','in_progress',58,'2026-06-06 08:00:00',NULL),
(112,143,29,'low','Тестовый дефект 54','closed',59,'2026-06-06 08:00:00',NULL),
(113,144,24,'high','Тестовый дефект 55','open',51,'2026-06-06 08:00:00',NULL),
(114,145,25,'medium','Тестовый дефект 56','in_progress',52,'2026-06-06 08:00:00',NULL),
(115,146,26,'low','Тестовый дефект 57','closed',53,'2026-06-06 08:00:00',NULL),
(116,147,27,'high','Тестовый дефект 58','open',54,'2026-06-06 08:00:00',NULL),
(117,148,28,'medium','Тестовый дефект 59','in_progress',55,'2026-06-06 08:00:00',NULL),
(118,149,29,'low','Тестовый дефект 60','closed',56,'2026-06-06 08:00:00',NULL);
/*!40000 ALTER TABLE `defects` ENABLE KEYS */;
UNLOCK TABLES;

--
-- Table structure for table `logs`
--

DROP TABLE IF EXISTS `logs`;
/*!40101 SET @saved_cs_client     = @@character_set_client */;
/*!40101 SET character_set_client = utf8mb4 */;
CREATE TABLE `logs` (
  `id` int(11) NOT NULL AUTO_INCREMENT,
  `user_id` int(11) DEFAULT NULL,
  `action` varchar(100) DEFAULT NULL,
  `target_table` varchar(50) DEFAULT NULL,
  `target_id` int(11) DEFAULT NULL,
  `created_at` timestamp NULL DEFAULT current_timestamp(),
  PRIMARY KEY (`id`),
  KEY `user_id` (`user_id`),
  CONSTRAINT `logs_ibfk_1` FOREIGN KEY (`user_id`) REFERENCES `users` (`id`) ON DELETE SET NULL
) ENGINE=InnoDB AUTO_INCREMENT=140 DEFAULT CHARSET=utf8mb4 COLLATE=utf8mb4_unicode_ci;
/*!40101 SET character_set_client = @saved_cs_client */;

--
-- Dumping data for table `logs`
--

LOCK TABLES `logs` WRITE;
/*!40000 ALTER TABLE `logs` DISABLE KEYS */;
INSERT INTO `logs` VALUES
(1,1,'Вход в систему','users',1,'2026-06-01 06:00:00'),
(2,2,'Добавление','network_points',9,'2026-06-01 06:30:00'),
(3,3,'Редактирование','defects',4,'2026-06-01 07:15:00'),
(4,4,'Фиксация расхода','material_usage',1,'2026-06-01 08:00:00'),
(5,5,'Удаление','network_points',10,'2026-06-01 11:00:00'),
(6,6,'Экспорт отчёта','report',NULL,'2026-06-02 06:00:00'),
(7,1,'Закрытие дефекта','defects',1,'2026-06-02 08:00:00'),
(8,2,'Просмотр логов','logs',NULL,'2026-06-02 09:00:00'),
(9,14,'Регистрация нового пользователя (роль: operator)','users',14,'2026-06-04 11:26:19'),
(10,14,'Вход в систему (роль: admin)','users',14,'2026-06-04 11:27:08'),
(11,14,'Вход в систему (роль: admin)','users',14,'2026-06-04 11:28:01'),
(12,14,'Вход в систему (роль: admin)','users',14,'2026-06-04 12:18:14'),
(13,14,'Вход в систему (роль: admin)','users',14,'2026-06-04 14:04:47'),
(14,14,'Вход в систему (роль: admin)','users',14,'2026-06-04 15:45:29'),
(15,51,'Создание сетевой точки','network_points',72,'2026-05-10 06:00:00'),
(16,52,'Изменение статуса дефекта','defects',51,'2026-05-13 12:00:00'),
(17,14,'Вход в систему (роль: admin)','users',14,'2026-06-06 20:04:32'),
(18,14,'Вход в систему (роль: admin)','users',14,'2026-06-06 20:04:38'),
(19,60,'Регистрация нового пользователя (роль: operator)','users',60,'2026-06-06 20:05:00'),
(20,61,'Регистрация нового пользователя (роль: operator)','users',61,'2026-06-06 20:06:47'),
(21,14,'Вход в систему (роль: admin)','users',14,'2026-06-06 20:09:42'),
(22,14,'Вход в систему (роль: admin)','users',14,'2026-06-06 20:10:43'),
(23,14,'Изменение статуса дефекта на \"Закрыт\"','defects',50,'2026-06-07 09:29:21'),
(24,14,'Изменение статуса дефекта на \"\"','defects',50,'2026-06-07 09:29:46'),
(25,14,'Изменение статуса дефекта на \"Начат\"','defects',50,'2026-06-07 09:29:48'),
(26,14,'Изменение статуса дефекта на \"Закрыт\"','defects',50,'2026-06-07 09:29:48'),
(27,14,'Изменение статуса дефекта на \"\"','defects',50,'2026-06-07 09:29:49'),
(28,14,'Изменение статуса дефекта на \"Начат\"','defects',50,'2026-06-07 09:30:18'),
(29,14,'Изменение статуса дефекта на \"Закрыт\"','defects',50,'2026-06-07 09:30:42'),
(30,14,'Изменение статуса дефекта на \"\"','defects',50,'2026-06-07 09:31:02'),
(31,14,'Изменение статуса дефекта на \"Начат\"','defects',50,'2026-06-07 09:31:02'),
(32,14,'Изменение статуса дефекта на \"Закрыт\"','defects',50,'2026-06-07 09:31:03'),
(33,14,'Изменение статуса дефекта на \"\"','defects',50,'2026-06-07 09:31:03'),
(34,14,'Изменение статуса дефекта на \"Начат\"','defects',50,'2026-06-07 09:31:04'),
(35,14,'Изменение статуса дефекта на \"Закрыт\"','defects',50,'2026-06-07 09:31:23'),
(36,62,'Регистрация нового пользователя (роль: operator)','users',62,'2026-06-07 10:36:08'),
(37,14,'Вход в систему (роль: admin)','users',14,'2026-06-07 10:39:39'),
(38,14,'Вход в систему (роль: admin)','users',14,'2026-06-07 10:40:51'),
(39,14,'Вход в систему (роль: admin)','users',14,'2026-06-07 10:41:03'),
(40,14,'Вход в систему (роль: admin)','users',14,'2026-06-07 10:43:35'),
(41,14,'Вход в систему (роль: admin)','users',14,'2026-06-07 10:43:59'),
(42,14,'Вход в систему (роль: admin)','users',14,'2026-06-07 11:23:47'),
(43,14,'Вход в систему (роль: admin)','users',14,'2026-06-07 11:38:35'),
(44,14,'Изменение статуса дефекта на \"Начат\"','defects',51,'2026-06-07 13:32:46'),
(45,14,'Изменение статуса дефекта на \"Закрыт\"','defects',51,'2026-06-07 13:32:47'),
(46,14,'Изменение статуса дефекта на \"\"','defects',51,'2026-06-07 13:32:48'),
(47,14,'Вход в систему (роль: admin)','users',14,'2026-06-08 08:04:40'),
(48,14,'Вход в систему (роль: admin)','users',14,'2026-06-08 08:57:26'),
(49,14,'Вход в систему (роль: admin)','users',14,'2026-06-08 13:22:25'),
(50,14,'Изменение статуса дефекта на \"\"','defects',53,'2026-06-08 13:26:56'),
(51,14,'Изменение статуса дефекта на \"Начат\"','defects',53,'2026-06-08 13:26:57'),
(52,14,'Изменение статуса дефекта на \"Закрыт\"','defects',53,'2026-06-08 13:26:58'),
(53,14,'Изменение статуса дефекта на \"\"','defects',53,'2026-06-08 13:26:59'),
(54,14,'Вход в систему (роль: admin)','users',14,'2026-06-08 13:38:47'),
(55,14,'Вход в систему (роль: admin)','users',14,'2026-06-08 14:05:52'),
(56,14,'Вход в систему (роль: admin)','users',14,'2026-06-08 16:54:49'),
(57,14,'Вход в систему (роль: admin)','users',14,'2026-06-08 19:03:23'),
(58,14,'Вход в систему (роль: admin)','users',14,'2026-06-08 19:15:01'),
(59,14,'Вход в систему (роль: admin)','users',14,'2026-06-09 04:29:52'),
(60,14,'Вход в систему (роль: admin)','users',14,'2026-06-09 05:01:54'),
(61,14,'Вход в систему (роль: admin)','users',14,'2026-06-09 10:19:40'),
(62,14,'Вход в систему (роль: admin)','users',14,'2026-06-09 10:34:24'),
(63,14,'Вход в систему (роль: admin)','users',14,'2026-06-09 10:49:36'),
(64,14,'Добавление сетевой точки','network_points',156,'2026-06-09 11:38:30'),
(65,14,'Вход в систему (роль: admin)','users',14,'2026-06-09 11:40:52'),
(66,14,'Изменение статуса дефекта на \"Начат\"','defects',126,'2026-06-09 15:08:53'),
(67,14,'Изменение статуса дефекта на \"Закрыт\"','defects',126,'2026-06-09 15:08:53'),
(68,14,'Изменение статуса дефекта на \"\"','defects',126,'2026-06-09 15:08:54'),
(69,14,'Изменение статуса дефекта на \"Начат\"','defects',126,'2026-06-09 15:08:54'),
(70,14,'Изменение статуса дефекта на \"Закрыт\"','defects',126,'2026-06-09 15:08:55'),
(71,14,'Изменение статуса дефекта на \"\"','defects',126,'2026-06-09 15:08:55'),
(72,14,'Изменение статуса дефекта на \"Начат\"','defects',126,'2026-06-09 15:08:56'),
(73,14,'Изменение статуса дефекта на \"Начат\"','defects',125,'2026-06-09 17:00:38'),
(74,14,'Изменение статуса дефекта на \"Закрыт\"','defects',125,'2026-06-09 17:00:39'),
(75,14,'Изменение статуса дефекта на \"\"','defects',125,'2026-06-09 17:00:39'),
(76,14,'Редактирование дефекта','defects',127,'2026-06-09 17:21:36'),
(77,14,'Редактирование дефекта','defects',127,'2026-06-09 17:21:49'),
(78,14,'Редактирование дефекта','defects',129,'2026-06-09 17:24:50'),
(79,14,'Редактирование дефекта','defects',129,'2026-06-09 17:31:56'),
(80,14,'Редактирование дефекта','defects',129,'2026-06-09 17:32:03'),
(81,14,'Редактирование дефекта','defects',129,'2026-06-09 17:32:07'),
(82,14,'Редактирование дефекта','defects',129,'2026-06-09 17:33:38'),
(83,14,'Редактирование дефекта','defects',129,'2026-06-09 17:35:39'),
(84,14,'Редактирование дефекта','defects',129,'2026-06-09 17:36:20'),
(85,14,'Редактирование дефекта','defects',129,'2026-06-09 17:43:02'),
(86,14,'Редактирование дефекта','defects',129,'2026-06-09 17:43:43'),
(87,14,'Редактирование дефекта','defects',129,'2026-06-09 17:43:49'),
(88,14,'Редактирование дефекта','defects',129,'2026-06-09 17:43:52'),
(89,14,'Редактирование дефекта','defects',129,'2026-06-09 17:43:54'),
(90,14,'Редактирование дефекта','defects',129,'2026-06-09 17:43:56'),
(91,14,'Редактирование дефекта','defects',129,'2026-06-09 17:43:57'),
(92,14,'Редактирование дефекта','defects',129,'2026-06-09 17:44:10'),
(93,14,'Редактирование дефекта','defects',129,'2026-06-09 17:44:12'),
(94,14,'Редактирование дефекта','defects',129,'2026-06-09 17:44:14'),
(95,14,'Редактирование дефекта','defects',129,'2026-06-09 17:44:35'),
(96,14,'Редактирование дефекта','defects',129,'2026-06-09 17:44:37'),
(97,14,'Редактирование дефекта','defects',129,'2026-06-09 17:44:39'),
(98,14,'Редактирование дефекта','defects',129,'2026-06-09 17:45:43'),
(99,14,'Редактирование дефекта','defects',129,'2026-06-09 17:45:47'),
(100,14,'Редактирование дефекта','defects',129,'2026-06-09 17:50:06'),
(101,14,'Редактирование дефекта','defects',129,'2026-06-09 17:50:08'),
(102,14,'Редактирование дефекта','defects',129,'2026-06-09 17:50:16'),
(103,14,'Редактирование дефекта','defects',129,'2026-06-09 17:50:33'),
(104,14,'Редактирование дефекта','defects',129,'2026-06-09 17:50:34'),
(105,14,'Редактирование дефекта','defects',129,'2026-06-09 17:50:36'),
(106,14,'Редактирование дефекта','defects',129,'2026-06-09 17:50:43'),
(107,14,'Редактирование дефекта','defects',129,'2026-06-09 17:50:47'),
(108,14,'Редактирование дефекта','defects',129,'2026-06-09 17:51:19'),
(109,14,'Редактирование дефекта','defects',129,'2026-06-09 17:51:22'),
(110,14,'Редактирование дефекта','defects',119,'2026-06-09 17:55:15'),
(111,14,'Редактирование дефекта','defects',119,'2026-06-09 17:55:18'),
(112,14,'Редактирование дефекта','defects',119,'2026-06-09 18:00:27'),
(113,14,'Вход в систему (роль: admin)','users',14,'2026-06-09 18:01:54'),
(114,14,'Изменение статуса дефекта на \"Начат\"','defects',129,'2026-06-09 18:02:30'),
(115,14,'Изменение статуса дефекта на \"Закрыт\"','defects',129,'2026-06-09 18:02:31'),
(116,14,'Изменение статуса дефекта на \"\"','defects',129,'2026-06-09 18:02:32'),
(117,14,'Редактирование дефекта','defects',129,'2026-06-09 18:02:37'),
(118,14,'Изменение статуса дефекта на \"Закрыт\"','defects',129,'2026-06-09 18:02:39'),
(119,14,'Изменение статуса дефекта на \"\"','defects',129,'2026-06-09 18:02:41'),
(120,14,'Редактирование дефекта','defects',129,'2026-06-09 18:06:24'),
(121,14,'Редактирование дефекта','defects',125,'2026-06-09 18:07:44'),
(122,14,'Редактирование дефекта','defects',125,'2026-06-09 18:07:54'),
(123,14,'Редактирование дефекта','defects',130,'2026-06-09 18:09:31'),
(124,14,'Редактирование сетевой точки','network_points',72,'2026-06-09 18:09:56'),
(125,14,'Вход в систему (роль: admin)','users',14,'2026-06-09 18:36:35'),
(126,14,'Добавление сетевой точки','network_points',157,'2026-06-09 18:42:46'),
(127,14,'Изменение статуса дефекта на \"Начат\"','defects',130,'2026-06-09 19:02:08'),
(128,14,'Изменение статуса дефекта на \"Закрыт\"','defects',130,'2026-06-09 19:02:08'),
(129,14,'Изменение статуса дефекта на \"\"','defects',130,'2026-06-09 19:02:09'),
(130,14,'Редактирование сетевой точки','network_points',72,'2026-06-09 19:02:58'),
(131,14,'Редактирование дефекта','defects',130,'2026-06-09 19:03:04'),
(132,14,'Редактирование дефекта','defects',130,'2026-06-09 19:03:15'),
(133,14,'Редактирование дефекта','defects',130,'2026-06-09 19:03:17'),
(134,14,'Редактирование дефекта','defects',130,'2026-06-09 19:03:20'),
(135,14,'Редактирование сетевой точки','network_points',72,'2026-06-09 19:03:53'),
(136,14,'Редактирование сетевой точки','network_points',72,'2026-06-09 19:03:57'),
(137,14,'Редактирование сетевой точки','network_points',72,'2026-06-09 19:04:02'),
(138,14,'Удаление сетевой точки','network_points',72,'2026-06-09 19:04:04'),
(139,14,'Вход в систему (роль: admin)','users',14,'2026-06-10 04:40:08');
/*!40000 ALTER TABLE `logs` ENABLE KEYS */;
UNLOCK TABLES;

--
-- Table structure for table `material_type`
--

DROP TABLE IF EXISTS `material_type`;
/*!40101 SET @saved_cs_client     = @@character_set_client */;
/*!40101 SET character_set_client = utf8mb4 */;
CREATE TABLE `material_type` (
  `id` int(11) NOT NULL AUTO_INCREMENT,
  `name` varchar(255) NOT NULL,
  `display_name` varchar(255) NOT NULL,
  PRIMARY KEY (`id`)
) ENGINE=InnoDB AUTO_INCREMENT=26 DEFAULT CHARSET=utf8mb4 COLLATE=utf8mb4_unicode_ci;
/*!40101 SET character_set_client = @saved_cs_client */;

--
-- Dumping data for table `material_type`
--

LOCK TABLES `material_type` WRITE;
/*!40000 ALTER TABLE `material_type` DISABLE KEYS */;
INSERT INTO `material_type` VALUES
(13,'connector','Коннектор'),
(14,'cable_accessory','Кабельная арматура'),
(15,'tool','Инструмент'),
(16,'fiber_cable','Оптический кабель'),
(17,'utp_cable','Витая пара'),
(18,'patchcord','Патч-корд'),
(19,'socket','Розетка'),
(20,'patch_panel','Патч-панель'),
(21,'switch','Коммутатор'),
(22,'router','Маршрутизатор'),
(23,'mount','Крепёж'),
(24,'label','Маркировка'),
(25,'consumable','Расходный материал');
/*!40000 ALTER TABLE `material_type` ENABLE KEYS */;
UNLOCK TABLES;

--
-- Table structure for table `material_usage`
--

DROP TABLE IF EXISTS `material_usage`;
/*!40101 SET @saved_cs_client     = @@character_set_client */;
/*!40101 SET character_set_client = utf8mb4 */;
CREATE TABLE `material_usage` (
  `id` int(11) NOT NULL AUTO_INCREMENT,
  `material_id` int(11) NOT NULL,
  `quantity` decimal(10,2) NOT NULL,
  `point_id` int(11) DEFAULT NULL,
  `defect_id` int(11) DEFAULT NULL,
  `used_by` int(11) NOT NULL,
  `used_at` datetime DEFAULT current_timestamp(),
  `comment` text DEFAULT NULL,
  PRIMARY KEY (`id`),
  KEY `material_id` (`material_id`),
  KEY `point_id` (`point_id`),
  KEY `defect_id` (`defect_id`),
  KEY `used_by` (`used_by`),
  CONSTRAINT `material_usage_ibfk_1` FOREIGN KEY (`material_id`) REFERENCES `materials` (`id`),
  CONSTRAINT `material_usage_ibfk_2` FOREIGN KEY (`point_id`) REFERENCES `network_points` (`id`) ON DELETE SET NULL,
  CONSTRAINT `material_usage_ibfk_3` FOREIGN KEY (`defect_id`) REFERENCES `defects` (`id`) ON DELETE SET NULL,
  CONSTRAINT `material_usage_ibfk_4` FOREIGN KEY (`used_by`) REFERENCES `users` (`id`)
) ENGINE=InnoDB AUTO_INCREMENT=87 DEFAULT CHARSET=utf8mb4 COLLATE=utf8mb4_unicode_ci;
/*!40101 SET character_set_client = @saved_cs_client */;

--
-- Dumping data for table `material_usage`
--

LOCK TABLES `material_usage` WRITE;
/*!40000 ALTER TABLE `material_usage` DISABLE KEYS */;
INSERT INTO `material_usage` VALUES
(22,97,4.00,73,NULL,52,'2026-05-14 09:30:00','Обжим коннекторов'),
(23,107,1.00,90,59,51,'2026-06-06 12:00:00','Тестовое списание'),
(24,108,2.00,91,60,52,'2026-06-06 12:00:00','Тестовое списание'),
(25,109,3.00,92,61,53,'2026-06-06 12:00:00','Тестовое списание'),
(26,110,4.00,93,62,54,'2026-06-06 12:00:00','Тестовое списание'),
(27,111,5.00,94,63,55,'2026-06-06 12:00:00','Тестовое списание'),
(28,112,1.00,95,64,56,'2026-06-06 12:00:00','Тестовое списание'),
(29,113,2.00,96,65,57,'2026-06-06 12:00:00','Тестовое списание'),
(30,114,3.00,97,66,58,'2026-06-06 12:00:00','Тестовое списание'),
(31,115,4.00,98,67,59,'2026-06-06 12:00:00','Тестовое списание'),
(32,116,5.00,99,68,51,'2026-06-06 12:00:00','Тестовое списание'),
(33,117,1.00,100,69,52,'2026-06-06 12:00:00','Тестовое списание'),
(34,118,2.00,101,70,53,'2026-06-06 12:00:00','Тестовое списание'),
(35,119,3.00,102,71,54,'2026-06-06 12:00:00','Тестовое списание'),
(36,120,4.00,103,72,55,'2026-06-06 12:00:00','Тестовое списание'),
(37,121,5.00,104,73,56,'2026-06-06 12:00:00','Тестовое списание'),
(38,122,1.00,105,74,57,'2026-06-06 12:00:00','Тестовое списание'),
(39,123,2.00,106,75,58,'2026-06-06 12:00:00','Тестовое списание'),
(40,124,3.00,107,76,59,'2026-06-06 12:00:00','Тестовое списание'),
(41,125,4.00,108,77,51,'2026-06-06 12:00:00','Тестовое списание'),
(42,126,5.00,109,78,52,'2026-06-06 12:00:00','Тестовое списание'),
(43,127,1.00,110,79,53,'2026-06-06 12:00:00','Тестовое списание'),
(44,128,2.00,111,80,54,'2026-06-06 12:00:00','Тестовое списание'),
(45,129,3.00,112,81,55,'2026-06-06 12:00:00','Тестовое списание'),
(46,130,4.00,113,82,56,'2026-06-06 12:00:00','Тестовое списание'),
(47,131,5.00,114,83,57,'2026-06-06 12:00:00','Тестовое списание'),
(48,132,1.00,115,84,58,'2026-06-06 12:00:00','Тестовое списание'),
(49,133,2.00,116,85,59,'2026-06-06 12:00:00','Тестовое списание'),
(50,134,3.00,117,86,51,'2026-06-06 12:00:00','Тестовое списание'),
(51,135,4.00,118,87,52,'2026-06-06 12:00:00','Тестовое списание'),
(52,136,5.00,119,88,53,'2026-06-06 12:00:00','Тестовое списание'),
(53,137,1.00,120,89,54,'2026-06-06 12:00:00','Тестовое списание'),
(54,138,2.00,121,90,55,'2026-06-06 12:00:00','Тестовое списание'),
(55,139,3.00,122,91,56,'2026-06-06 12:00:00','Тестовое списание'),
(56,140,4.00,123,92,57,'2026-06-06 12:00:00','Тестовое списание'),
(57,141,5.00,124,93,58,'2026-06-06 12:00:00','Тестовое списание'),
(58,142,1.00,125,94,59,'2026-06-06 12:00:00','Тестовое списание'),
(59,143,2.00,126,95,51,'2026-06-06 12:00:00','Тестовое списание'),
(60,144,3.00,127,96,52,'2026-06-06 12:00:00','Тестовое списание'),
(61,145,4.00,128,97,53,'2026-06-06 12:00:00','Тестовое списание'),
(62,146,5.00,129,98,54,'2026-06-06 12:00:00','Тестовое списание'),
(63,147,1.00,130,99,55,'2026-06-06 12:00:00','Тестовое списание'),
(64,148,2.00,131,100,56,'2026-06-06 12:00:00','Тестовое списание'),
(65,149,3.00,132,101,57,'2026-06-06 12:00:00','Тестовое списание'),
(66,150,4.00,133,102,58,'2026-06-06 12:00:00','Тестовое списание'),
(67,151,5.00,134,103,59,'2026-06-06 12:00:00','Тестовое списание'),
(68,152,1.00,135,104,51,'2026-06-06 12:00:00','Тестовое списание'),
(69,153,2.00,136,105,52,'2026-06-06 12:00:00','Тестовое списание'),
(70,154,3.00,137,106,53,'2026-06-06 12:00:00','Тестовое списание'),
(71,155,4.00,138,107,54,'2026-06-06 12:00:00','Тестовое списание'),
(72,156,5.00,139,108,55,'2026-06-06 12:00:00','Тестовое списание'),
(73,157,1.00,140,109,56,'2026-06-06 12:00:00','Тестовое списание'),
(74,158,2.00,141,110,57,'2026-06-06 12:00:00','Тестовое списание'),
(75,159,3.00,142,111,58,'2026-06-06 12:00:00','Тестовое списание'),
(76,160,4.00,143,112,59,'2026-06-06 12:00:00','Тестовое списание'),
(77,161,5.00,144,113,51,'2026-06-06 12:00:00','Тестовое списание'),
(78,162,1.00,145,114,52,'2026-06-06 12:00:00','Тестовое списание'),
(79,163,2.00,146,115,53,'2026-06-06 12:00:00','Тестовое списание'),
(80,164,3.00,147,116,54,'2026-06-06 12:00:00','Тестовое списание'),
(81,165,4.00,148,117,55,'2026-06-06 12:00:00','Тестовое списание'),
(82,166,5.00,149,118,56,'2026-06-06 12:00:00','Тестовое списание'),
(83,99,4.00,NULL,NULL,14,'2026-06-07 15:24:06','as'),
(84,98,4.00,NULL,NULL,14,'2026-06-07 15:30:37',''),
(85,99,22352.00,NULL,NULL,14,'2026-06-07 15:30:58','ffffffffffff'),
(86,101,65654.00,NULL,NULL,14,'2026-06-07 15:31:33','423');
/*!40000 ALTER TABLE `material_usage` ENABLE KEYS */;
UNLOCK TABLES;

--
-- Table structure for table `materials`
--

DROP TABLE IF EXISTS `materials`;
/*!40101 SET @saved_cs_client     = @@character_set_client */;
/*!40101 SET character_set_client = utf8mb4 */;
CREATE TABLE `materials` (
  `id` int(11) NOT NULL AUTO_INCREMENT,
  `name` varchar(100) NOT NULL,
  `type` int(11) NOT NULL,
  `unit` enum('m','pcs') NOT NULL,
  PRIMARY KEY (`id`),
  KEY `fk_material_type` (`type`),
  CONSTRAINT `fk_material_type` FOREIGN KEY (`type`) REFERENCES `material_type` (`id`) ON UPDATE CASCADE
) ENGINE=InnoDB AUTO_INCREMENT=177 DEFAULT CHARSET=utf8mb4 COLLATE=utf8mb4_unicode_ci;
/*!40101 SET character_set_client = @saved_cs_client */;

--
-- Dumping data for table `materials`
--

LOCK TABLES `materials` WRITE;
/*!40000 ALTER TABLE `materials` DISABLE KEYS */;
INSERT INTO `materials` VALUES
(97,'RJ45 коннектор 8P8C',13,'m'),
(98,'RJ45 экранированный коннектор',13,'pcs'),
(99,'LC дуплексный коннектор',13,'pcs'),
(100,'SC коннектор',13,'pcs'),
(101,'Кабельная стяжка 100мм',14,'pcs'),
(103,'Изолента ПВХ',14,'pcs'),
(104,'Клеммник 2 контакта',14,'pcs'),
(105,'Патч-панель 24 порта',14,'pcs'),
(106,'Кримпер для RJ45',15,'pcs'),
(107,'Материал 1',16,'m'),
(108,'Материал 2',17,'pcs'),
(109,'Материал 3',18,'pcs'),
(110,'Материал 4',19,'pcs'),
(111,'Материал 5',20,'m'),
(112,'Материал 6',21,'pcs'),
(113,'Материал 7',22,'pcs'),
(114,'Материал 8',23,'pcs'),
(115,'Материал 9',24,'m'),
(116,'Материал 10',25,'pcs'),
(117,'Материал 11',16,'pcs'),
(118,'Материал 12',17,'pcs'),
(119,'Материал 13',18,'m'),
(120,'Материал 14',19,'pcs'),
(121,'Материал 15',20,'pcs'),
(122,'Материал 16',21,'pcs'),
(123,'Материал 17',22,'m'),
(124,'Материал 18',23,'pcs'),
(125,'Материал 19',24,'pcs'),
(126,'Материал 20',25,'pcs'),
(127,'Материал 21',16,'m'),
(128,'Материал 22',17,'pcs'),
(129,'Материал 23',18,'pcs'),
(130,'Материал 24',19,'pcs'),
(131,'Материал 25',20,'m'),
(132,'Материал 26',21,'pcs'),
(133,'Материал 27',22,'pcs'),
(134,'Материал 28',23,'pcs'),
(135,'Материал 29',24,'m'),
(136,'Материал 30',25,'pcs'),
(137,'Материал 31',16,'pcs'),
(138,'Материал 32',17,'pcs'),
(139,'Материал 33',18,'m'),
(140,'Материал 34',19,'pcs'),
(141,'Материал 35',20,'pcs'),
(142,'Материал 36',21,'pcs'),
(143,'Материал 37',22,'m'),
(144,'Материал 38',23,'pcs'),
(145,'Материал 39',24,'pcs'),
(146,'Материал 40',25,'pcs'),
(147,'Материал 41',16,'m'),
(148,'Материал 42',17,'pcs'),
(149,'Материал 43',18,'pcs'),
(150,'Материал 44',19,'pcs'),
(151,'Материал 45',20,'m'),
(152,'Материал 46',21,'pcs'),
(153,'Материал 47',22,'pcs'),
(154,'Материал 48',23,'pcs'),
(155,'Материал 49',24,'m'),
(156,'Материал 50',25,'pcs'),
(157,'Материал 51',16,'pcs'),
(158,'Материал 52',17,'pcs'),
(159,'Материал 53',18,'m'),
(160,'Материал 54',19,'pcs'),
(161,'Материал 55',20,'pcs'),
(162,'Материал 56',21,'pcs'),
(163,'Материал 57',22,'m'),
(164,'Материал 58',23,'pcs'),
(165,'Материал 59',24,'pcs'),
(166,'Материал 60',25,'pcs'),
(167,'',25,'pcs'),
(168,'',13,'m'),
(169,'',13,'m'),
(170,'',13,'m'),
(171,'',13,'m'),
(172,'RJ45 коннектор 8P8C',13,'m'),
(174,'fsd',14,'m'),
(175,'fsd',13,'m');
/*!40000 ALTER TABLE `materials` ENABLE KEYS */;
UNLOCK TABLES;

--
-- Table structure for table `network_point_status`
--

DROP TABLE IF EXISTS `network_point_status`;
/*!40101 SET @saved_cs_client     = @@character_set_client */;
/*!40101 SET character_set_client = utf8mb4 */;
CREATE TABLE `network_point_status` (
  `id` int(11) NOT NULL AUTO_INCREMENT,
  `name` varchar(255) NOT NULL,
  `display_name` varchar(255) NOT NULL,
  PRIMARY KEY (`id`)
) ENGINE=InnoDB AUTO_INCREMENT=13 DEFAULT CHARSET=utf8mb4 COLLATE=utf8mb4_unicode_ci;
/*!40101 SET character_set_client = @saved_cs_client */;

--
-- Dumping data for table `network_point_status`
--

LOCK TABLES `network_point_status` WRITE;
/*!40000 ALTER TABLE `network_point_status` DISABLE KEYS */;
INSERT INTO `network_point_status` VALUES
(1,'active','Активный'),
(2,'defect','Дефектный'),
(11,'in_repair','В ремонте'),
(12,'planned','Планируется');
/*!40000 ALTER TABLE `network_point_status` ENABLE KEYS */;
UNLOCK TABLES;

--
-- Table structure for table `network_point_type`
--

DROP TABLE IF EXISTS `network_point_type`;
/*!40101 SET @saved_cs_client     = @@character_set_client */;
/*!40101 SET character_set_client = utf8mb4 */;
CREATE TABLE `network_point_type` (
  `id` int(11) NOT NULL AUTO_INCREMENT,
  `name` varchar(255) NOT NULL,
  `display_name` varchar(255) NOT NULL,
  PRIMARY KEY (`id`)
) ENGINE=InnoDB AUTO_INCREMENT=14 DEFAULT CHARSET=utf8mb4 COLLATE=utf8mb4_unicode_ci;
/*!40101 SET character_set_client = @saved_cs_client */;

--
-- Dumping data for table `network_point_type`
--

LOCK TABLES `network_point_type` WRITE;
/*!40000 ALTER TABLE `network_point_type` DISABLE KEYS */;
INSERT INTO `network_point_type` VALUES
(1,'socket','Сокет'),
(2,'cabel_run','Сетевой кабель'),
(3,'path_cord','Патч-корд'),
(12,'switch_port','Порт коммутатора'),
(13,'router_port','Порт маршрутизатора');
/*!40000 ALTER TABLE `network_point_type` ENABLE KEYS */;
UNLOCK TABLES;

--
-- Table structure for table `network_points`
--

DROP TABLE IF EXISTS `network_points`;
/*!40101 SET @saved_cs_client     = @@character_set_client */;
/*!40101 SET character_set_client = utf8mb4 */;
CREATE TABLE `network_points` (
  `id` int(11) NOT NULL AUTO_INCREMENT,
  `label` varchar(255) NOT NULL,
  `type` int(11) NOT NULL,
  `location` varchar(100) DEFAULT NULL,
  `status` int(11) NOT NULL,
  `last_check` date DEFAULT NULL,
  `point_created_at` timestamp NOT NULL DEFAULT current_timestamp(),
  `image_name` varchar(500) DEFAULT NULL,
  PRIMARY KEY (`id`),
  UNIQUE KEY `label` (`label`),
  KEY `fk_network_points_status` (`status`),
  KEY `fk_network_points_type` (`type`),
  CONSTRAINT `fk_network_points_status` FOREIGN KEY (`status`) REFERENCES `network_point_status` (`id`) ON UPDATE CASCADE,
  CONSTRAINT `fk_network_points_type` FOREIGN KEY (`type`) REFERENCES `network_point_type` (`id`) ON UPDATE CASCADE
) ENGINE=InnoDB AUTO_INCREMENT=158 DEFAULT CHARSET=utf8mb4 COLLATE=utf8mb4_unicode_ci;
/*!40101 SET character_set_client = @saved_cs_client */;

--
-- Dumping data for table `network_points`
--

LOCK TABLES `network_points` WRITE;
/*!40000 ALTER TABLE `network_points` DISABLE KEYS */;
INSERT INTO `network_points` VALUES
(73,'SKT-102',1,'Кабинет 102, у окна',2,'2026-06-10','2026-06-04 17:34:20',NULL),
(74,'SKT-103',1,'Кабинет 103, входная дверь',1,'2026-06-08','2026-06-04 17:34:20',NULL),
(75,'CBL-MAIN-01',2,'Магистраль 1 этаж - серверная',1,'2026-06-09','2026-06-04 17:34:20',NULL),
(76,'CBL-MAIN-02',2,'Магистраль 2 этаж - серверная',2,'2026-06-09','2026-06-04 17:34:20','defect_cable.jpg'),
(77,'PATCH-ADMIN',3,'Патч-корд админа (стол №1)',1,'2026-06-08','2026-06-04 17:34:20',NULL),
(78,'PATCH-CONF',3,'Патч-корд конференц-зала',1,'2026-06-09','2026-06-04 17:34:20',NULL),
(79,'PATCH-BROKEN',3,'Патч-корд старый (замена)',2,'2026-06-07','2026-06-04 17:34:20',NULL),
(80,'SW-PORT-1',12,'Коммутатор Cisco, порт 1',1,'2026-06-08','2026-06-04 17:34:20',NULL),
(81,'SW-PORT-2',12,'Коммутатор Cisco, порт 2',2,'2026-06-01','2026-06-04 17:34:20',NULL),
(82,'SW-PORT-3',12,'Коммутатор D-Link, порт 5',1,'2026-06-02','2026-06-04 17:34:20',NULL),
(83,'RT-LAN1',13,'Маршрутизатор MikroTik, LAN1',1,'2026-06-03','2026-06-04 17:34:20',NULL),
(84,'SKT-201',1,'Кабинет 201, проектор',1,'2026-06-01','2026-06-04 17:34:20',NULL),
(85,'SKT-202',1,'Кабинет 202, розетка за дверью',2,'2026-06-01','2026-06-04 17:34:20',NULL),
(86,'CBL-FIBER-1',2,'Оптоволокно до серверной',1,'2026-05-18','2026-06-04 17:34:20','fiber.jpg'),
(87,'CBL-FIBER-2',2,'Оптоволокно между этажами',1,'2026-05-18','2026-06-04 17:34:20',NULL),
(88,'PATCH-SWITCH',3,'Патч-корд от коммутатора к панели',1,'2026-06-04','2026-06-04 17:34:20',NULL),
(89,'RT-WAN',13,'Маршрутизатор TP-Link, WAN порт',1,'2026-06-04','2026-06-04 17:34:20',NULL),
(90,'AUTO-90',1,'Помещение 1',1,'2026-06-01','2026-06-06 08:00:00',NULL),
(91,'AUTO-91',2,'Помещение 2',2,'2026-06-02','2026-06-06 08:00:00',NULL),
(92,'AUTO-92',3,'Помещение 3',11,'2026-06-03','2026-06-06 08:00:00',NULL),
(93,'AUTO-93',12,'Помещение 4',12,'2026-06-04','2026-06-06 08:00:00',NULL),
(94,'AUTO-94',13,'Помещение 5',1,'2026-06-05','2026-06-06 08:00:00',NULL),
(95,'AUTO-95',1,'Помещение 6',2,'2026-06-06','2026-06-06 08:00:00',NULL),
(96,'AUTO-96',2,'Помещение 7',11,'2026-06-09','2026-06-06 08:00:00',NULL),
(97,'AUTO-97',3,'Помещение 8',12,'2026-06-08','2026-06-06 08:00:00',NULL),
(98,'AUTO-98',12,'Помещение 9',1,'2026-06-09','2026-06-06 08:00:00',NULL),
(99,'AUTO-99',13,'Помещение 10',2,'2026-06-10','2026-06-06 08:00:00',NULL),
(100,'AUTO-100',1,'Помещение 11',11,'2026-06-11','2026-06-06 08:00:00',NULL),
(101,'AUTO-101',2,'Помещение 12',12,'2026-06-12','2026-06-06 08:00:00',NULL),
(102,'AUTO-102',3,'Помещение 13',1,'2026-06-13','2026-06-06 08:00:00',NULL),
(103,'AUTO-103',12,'Помещение 14',2,'2026-06-14','2026-06-06 08:00:00',NULL),
(104,'AUTO-104',13,'Помещение 15',11,'2026-06-15','2026-06-06 08:00:00',NULL),
(105,'AUTO-105',1,'Помещение 16',12,'2026-06-16','2026-06-06 08:00:00',NULL),
(106,'AUTO-106',2,'Помещение 17',1,'2026-06-17','2026-06-06 08:00:00',NULL),
(107,'AUTO-107',3,'Помещение 18',2,'2026-06-18','2026-06-06 08:00:00',NULL),
(108,'AUTO-108',12,'Помещение 19',11,'2026-06-19','2026-06-06 08:00:00',NULL),
(109,'AUTO-109',13,'Помещение 20',12,'2026-06-20','2026-06-06 08:00:00',NULL),
(110,'AUTO-110',1,'Помещение 21',1,'2026-06-21','2026-06-06 08:00:00',NULL),
(111,'AUTO-111',2,'Помещение 22',2,'2026-06-22','2026-06-06 08:00:00',NULL),
(112,'AUTO-112',3,'Помещение 23',11,'2026-06-23','2026-06-06 08:00:00',NULL),
(113,'AUTO-113',12,'Помещение 24',12,'2026-06-24','2026-06-06 08:00:00',NULL),
(114,'AUTO-114',13,'Помещение 25',1,'2026-06-25','2026-06-06 08:00:00',NULL),
(115,'AUTO-115',1,'Помещение 26',2,'2026-06-26','2026-06-06 08:00:00',NULL),
(116,'AUTO-116',2,'Помещение 27',11,'2026-06-27','2026-06-06 08:00:00',NULL),
(117,'AUTO-117',3,'Помещение 28',12,'2026-06-28','2026-06-06 08:00:00',NULL),
(118,'AUTO-118',12,'Помещение 29',1,'2026-06-01','2026-06-06 08:00:00',NULL),
(119,'AUTO-119',13,'Помещение 30',2,'2026-06-02','2026-06-06 08:00:00',NULL),
(120,'AUTO-120',1,'Помещение 31',11,'2026-06-03','2026-06-06 08:00:00',NULL),
(121,'AUTO-121',2,'Помещение 32',12,'2026-06-04','2026-06-06 08:00:00',NULL),
(122,'AUTO-122',3,'Помещение 33',1,'2026-06-05','2026-06-06 08:00:00',NULL),
(123,'AUTO-123',12,'Помещение 34',2,'2026-06-06','2026-06-06 08:00:00',NULL),
(124,'AUTO-124',13,'Помещение 35',11,'2026-06-07','2026-06-06 08:00:00',NULL),
(125,'AUTO-125',1,'Помещение 36',12,'2026-06-08','2026-06-06 08:00:00',NULL),
(126,'AUTO-126',2,'Помещение 37',1,'2026-06-09','2026-06-06 08:00:00',NULL),
(127,'AUTO-127',3,'Помещение 38',2,'2026-06-10','2026-06-06 08:00:00',NULL),
(128,'AUTO-128',12,'Помещение 39',11,'2026-06-11','2026-06-06 08:00:00',NULL),
(129,'AUTO-129',13,'Помещение 40',12,'2026-06-12','2026-06-06 08:00:00',NULL),
(130,'AUTO-130',1,'Помещение 41',1,'2026-06-13','2026-06-06 08:00:00',NULL),
(131,'AUTO-131',2,'Помещение 42',2,'2026-06-14','2026-06-06 08:00:00',NULL),
(132,'AUTO-132',3,'Помещение 43',11,'2026-06-15','2026-06-06 08:00:00',NULL),
(133,'AUTO-133',12,'Помещение 44',12,'2026-06-16','2026-06-06 08:00:00',NULL),
(134,'AUTO-134',13,'Помещение 45',1,'2026-06-17','2026-06-06 08:00:00',NULL),
(135,'AUTO-135',1,'Помещение 46',2,'2026-06-18','2026-06-06 08:00:00',NULL),
(136,'AUTO-136',2,'Помещение 47',11,'2026-06-19','2026-06-06 08:00:00',NULL),
(137,'AUTO-137',3,'Помещение 48',12,'2026-06-20','2026-06-06 08:00:00',NULL),
(138,'AUTO-138',12,'Помещение 49',1,'2026-06-21','2026-06-06 08:00:00',NULL),
(139,'AUTO-139',13,'Помещение 50',2,'2026-06-22','2026-06-06 08:00:00',NULL),
(140,'AUTO-140',1,'Помещение 51',11,'2026-06-23','2026-06-06 08:00:00',NULL),
(141,'AUTO-141',2,'Помещение 52',12,'2026-06-24','2026-06-06 08:00:00',NULL),
(142,'AUTO-142',3,'Помещение 53',1,'2026-06-25','2026-06-06 08:00:00',NULL),
(143,'AUTO-143',12,'Помещение 54',2,'2026-06-26','2026-06-06 08:00:00',NULL),
(144,'AUTO-144',13,'Помещение 55',11,'2026-06-27','2026-06-06 08:00:00',NULL),
(145,'AUTO-145',1,'Помещение 56',12,'2026-06-28','2026-06-06 08:00:00',NULL),
(146,'AUTO-146',2,'Помещение 57',1,'2026-06-01','2026-06-06 08:00:00',NULL),
(147,'AUTO-147',3,'Помещение 58',2,'2026-06-02','2026-06-06 08:00:00',NULL),
(148,'AUTO-148',12,'Помещение 59',11,'2026-06-03','2026-06-06 08:00:00',NULL),
(149,'AUTO-149',13,'Помещение 60',12,'2026-06-04','2026-06-06 08:00:00',NULL),
(150,'',1,'',1,NULL,'2026-06-06 20:03:47',NULL),
(155,'ЗАДНИЦА ЯРИКА',1,'МИР',1,'2026-06-09','2026-06-07 17:59:07','6a25b16b1ebfd0.74310822.jpg'),
(156,'ЗДАНИА',1,'аыв',1,'2026-06-09','2026-06-09 11:38:30','6a27fb3690a7c1.60971684.jpg'),
(157,'аыва',1,'аыв',1,'2026-06-09','2026-06-09 18:42:46','6a285ea68a4762.12684206.jpg');
/*!40000 ALTER TABLE `network_points` ENABLE KEYS */;
UNLOCK TABLES;

--
-- Table structure for table `users`
--

DROP TABLE IF EXISTS `users`;
/*!40101 SET @saved_cs_client     = @@character_set_client */;
/*!40101 SET character_set_client = utf8mb4 */;
CREATE TABLE `users` (
  `id` int(11) NOT NULL AUTO_INCREMENT,
  `login` varchar(50) NOT NULL,
  `password_hash` varchar(255) NOT NULL,
  `role` enum('admin','operator') DEFAULT 'operator',
  PRIMARY KEY (`id`),
  UNIQUE KEY `login` (`login`)
) ENGINE=InnoDB AUTO_INCREMENT=63 DEFAULT CHARSET=utf8mb4 COLLATE=utf8mb4_unicode_ci;
/*!40101 SET character_set_client = @saved_cs_client */;

--
-- Dumping data for table `users`
--

LOCK TABLES `users` WRITE;
/*!40000 ALTER TABLE `users` DISABLE KEYS */;
INSERT INTO `users` VALUES
(1,'nikita','2213125345343','admin'),
(2,'kirill','3543534534','operator'),
(3,'timur','342432432432','operator'),
(4,'yaroslav','324433443','operator'),
(5,'vladislava','32424432','operator'),
(6,'almira','3432432423432','operator'),
(7,'ilya','6546456','operator'),
(8,'test','$2y$12$5BBAwnFgF9u/g9.q0iwVruk8hE9vJl/cezVG9ZYi17cDAcLBFPYt2','operator'),
(9,'dirka','81dc9bdb52d04dc20036dbd8313ed055','operator'),
(10,'яфаавыаыв','e9510081ac30ffa83f10b68cde1cac07','operator'),
(11,'lllllllllllllllll','e9510081ac30ffa83f10b68cde1cac07','operator'),
(12,'LOGIN','4a7d1ed414474e4033ac29ccb8653d9b','operator'),
(13,'Yarik','b59c67bf196a4758191e42f76670ceba','operator'),
(14,'admin','b59c67bf196a4758191e42f76670ceba','admin'),
(51,'test_operator1','cc03e747a6afbbcbf8be7668acfebee5','operator'),
(52,'test_operator2','cc03e747a6afbbcbf8be7668acfebee5','operator'),
(53,'test_operator3','cc03e747a6afbbcbf8be7668acfebee5','operator'),
(54,'test_admin2','cc03e747a6afbbcbf8be7668acfebee5','admin'),
(55,'user_ivanov','cc03e747a6afbbcbf8be7668acfebee5','operator'),
(56,'user_petrov','cc03e747a6afbbcbf8be7668acfebee5','operator'),
(57,'user_sidorov','cc03e747a6afbbcbf8be7668acfebee5','admin'),
(58,'operator_a','cc03e747a6afbbcbf8be7668acfebee5','operator'),
(59,'operator_b','cc03e747a6afbbcbf8be7668acfebee5','operator'),
(60,'gfdgd','e9510081ac30ffa83f10b68cde1cac07','operator'),
(61,'gdf','d79c8788088c2193f0244d8f1f36d2db','operator'),
(62,'fsdfsdfsdfsdf','6074c6aa3488f3c2dddff2a7ca821aab','operator');
/*!40000 ALTER TABLE `users` ENABLE KEYS */;
UNLOCK TABLES;
/*!40103 SET TIME_ZONE=@OLD_TIME_ZONE */;

/*!40101 SET SQL_MODE=@OLD_SQL_MODE */;
/*!40014 SET FOREIGN_KEY_CHECKS=@OLD_FOREIGN_KEY_CHECKS */;
/*!40014 SET UNIQUE_CHECKS=@OLD_UNIQUE_CHECKS */;
/*!40101 SET CHARACTER_SET_CLIENT=@OLD_CHARACTER_SET_CLIENT */;
/*!40101 SET CHARACTER_SET_RESULTS=@OLD_CHARACTER_SET_RESULTS */;
/*!40101 SET COLLATION_CONNECTION=@OLD_COLLATION_CONNECTION */;
/*M!100616 SET NOTE_VERBOSITY=@OLD_NOTE_VERBOSITY */;

-- Dump completed on 2026-06-11 17:08:32
